Source Name,Author,Title,Description,Content,URL
The Wall Street Journal,Joanna Stern,He Stole Hundreds of iPhones and Looted People's Life Savings. He Told Us How. - The Wall Street Journal,A convicted iPhone thief explains how a vulnerability in Apple’s software got him fast cash—and then a stint in a high-security prison,https://www.wsj.com/tech/personal-tech/he-stole-hundreds-of-iphones-and-looted-peoples-life-savings-he-told-us-how-fbd81ab5,
NDTV News,,21 Cases Of New Covid Variant JN.1 In India Confirmed In Lab Tests - NDTV,"India has so far reported 21 cases of the new coronavirus variant JN.1 from across the country, sources have said.",https://www.ndtv.com/india-news/21-cases-of-new-covid-variant-jn-1-in-india-confirmed-in-lab-tests-4709352,
Hindustan Times,Affiliate Desk,10 best Samsung 6.5 kg top load washing machines and competing brands compared - Hindustan Times,We compare the Samsung 6.5 kg top load washing machine with 9 other competitors. Discover features that set this appliance apart in the laundry game.,https://www.hindustantimes.com/technology/10-best-samsung-6-5-kg-top-load-washing-machines-and-competing-brands-compared-101702987582094.html,
Livelaw.in,Awstika Das,CJI DY Chandrachud Flagged Anomalies In GST Appellate Tribunal Provision : Finance Minister Tells Lok... - Live Law - Indian Legal News,Union Finance Minister Nirmala Sitharaman on Tuesday (December 19) told the Lok Sabha that the Chief Justice of India highlighted certain discrepancies between the Central Goods and Services Tax...,https://www.livelaw.in/top-stories/chief-justice-dy-chandrachud-finance-minister-nirmala-sitharaman-gst-appellate-tribunal-245011,
Technology Networks,Technology Networks,Genetics of Host Plants Determine What Microorganisms They Attract - Technology Networks,"Chemical signals from host plants, determined by their genetics, regulate which microorganisms are allowed into their root microbiomes.",https://www.technologynetworks.com/genomics/news/genetics-of-host-plants-determine-what-microorganisms-they-attract-382234,
Gadgets360.com,"Manas Mitul, Siddharth Suvarna",Beeper Mini Now Requires Users to Access a Mac to Send Blue Bubble iMessage Texts From Android - Gadgets 360,"Beeper Mini has had a busy two weeks. The messaging app first introduced iMessage support on Android phones without the need for an Apple ID earlier this month. Then, Apple sprang into action and blocked the company’s iMessage service citing security concerns…",https://www.gadgets360.com/apps/news/beeper-mini-app-imessage-android-update-mac-computer-registration-iphone-blue-bubbles-4709001,
BBC News,,Gurpatwant Singh Pannun: Narendra Modi breaks silence on US murder plot allegation - BBC.com,The US has accused an Indian man of conspiring to murder a Sikh separatist leader in New York.,https://www.bbc.com/news/world-asia-india-67770036,
Push Square,Sammy Barker,Devs Weigh in on 'Disgraceful' Insomniac Games Data Breach - Push Square,"""They didn't deserve this""",https://www.pushsquare.com/news/2023/12/devs-weigh-in-on-disgraceful-insomniac-games-data-breach,
The Times of India,Anusha Jain,NASA Unveils Space Science Experiments Ranging From Flower Gardens To Pulsating Flames - Indiatimes.com,"NASA recently released the astounding findings of science tests carried out in orbit through the year 2023, taking us beyond the picturesque landscapes of flower gardens and exploring the mysteries of pulsating flames outside of our atmosphere in a breathtaki…",https://www.indiatimes.com/trending/human-interest/nasa-unveils-space-science-experiments-2023-623913.html,
Deccan Herald,LAKSHMI M.S,What Is Clenbuterol? A Decongestant and Bronchodilator with Potential Risks - Deccan Herald,Discover what Clenbuterol is and its dual role as a decongestant and bronchodilator. Learn about the potential risks associated with Clenbuterol use to make informed decisions,https://www.deccanherald.com/brandspot/featured/what-is-clenbuterol-a-decongestant-and-bronchodilator-with-potential-risks-2818918,
Epravda.com.ua,Р•РєРѕРЅРѕРјС–С‡РЅР° РїСЂР°РІРґР°,Blue Origin Безоса запустила першу ракету після аварії у вересні 2022 року - Економічна правда,"РљРѕСЃРјС–С‡РЅР° РєРѕРјРїР°РЅС–СЏ Blue Origin, СЃС‚РІРѕСЂРµРЅР° Р·Р°СЃРЅРѕРІРЅРёРєРѕРј Amazon РјС–Р»СЊСЏСЂРґРµСЂРѕРј Р”Р¶РµС„С„РѕРј Р‘РµР·РѕСЃРѕРј, 19 РіСЂСѓРґРЅСЏ СѓСЃРїС–С€РЅРѕ Р·Р°РїСѓСЃС‚РёР»Р° СЃСѓР±РѕСЂР±С–С‚Р°Р»СЊРЅРёР№ РєРѕСЂР°Р±РµР»СЊ New Shepard.",https://www.epravda.com.ua/news/2023/12/20/707913/,
Medical Dialogues,Niveditha Subramani,Beetroot juice lowers blood pressure and improves exercise capacity in COPD patients - Medical Dialogues,Beetroots are rich in nutrients and very delicious with salads and greens with high nitrate and iron content. A 12-week course of daily beetroot juice supplement for people with chronic,https://medicaldialogues.in/pulmonology/news/beetroot-juice-lowers-blood-pressure-and-improves-exercise-capacity-in-copd-patients-121884,
India Today,India Today Business Desk,"Gold, silver price today, December 20, 2023: Precious metals record hike on MCX | Check latest rates here - India Today","Gold Price Today December 20, 2023: Both gold and silver are trading on the higher side of the Multi Commodity Exchange (MCX) on Wednesday. Check the latest city-wise prices here.",https://www.indiatoday.in/business/story/gold-silver-price-today-december-20-2023-precious-metals-record-hike-on-mcx-2478268-2023-12-20,
The New Indian Express,Online Desk,"'Reinstate Trump, otherwise': Vivek Ramaswamy issues ultimatum after Colorado top court ruling - The New Indian Express",The top court on December 19 declared Trump ineligible for the US President's office under the Constitution’s insurrection clause and removed him from the state’s presidential primary ballot,https://www.newindianexpress.com/world/2023/dec/20/reinstate-trump-otherwise-vivek-ramaswamy-issues-ultimatum-after-colorado-top-court-ruling-2643301.html,
Hindustan Times,HT Tech,Garena Free Fire MAX Redeem Codes for December 20: Chance to win free diamonds and rare bundles - HT Tech,Garena Free Fire MAX Redeem Codes for December 20: These codes are active for a limited time. Do not miss out on them.,https://tech.hindustantimes.com/how-to/garena-free-fire-max-redeem-codes-for-december-20-chance-to-win-free-diamonds-and-rare-bundles-71703055261535.html,
YouTube,,Former NFL star Derrick Ward arrested in L.A. robbery spree - KTLA 5,"Former NFL player and Super Bowl champion Derrick Ward was arrested Monday on suspicion of robbery, Los Angeles police confirmed. Ward, who played running ba...",https://www.youtube.com/watch?v=kV8sAWrDnSI,
Nature.com,,Civet latrines in three habitats of a coffee dominated landscape of the Western Ghats biodiversity hotspot | Scientific Reports - Nature.com,Scientific Reports - Civet latrines in three habitats of a coffee dominated landscape of the Western Ghats biodiversity hotspot,https://www.nature.com/articles/s41598-023-50193-2,
The Times of India,TIMESOFINDIA.COM,Having workplace anxiety? Expert shares tips to overcome it - IndiaTimes,"Workplace anxiety, a pervasive challenge in today's professional landscape, manifests as the uneasy undercurrent affecting individuals across various",https://timesofindia.indiatimes.com/life-style/relationships/work/having-workplace-anxiety-expert-shares-tips-to-overcome-it/articleshow/106144996.cms,
FXStreet,Haresh Menghani,"Japanese Yen sticks to modest intraday gains against USD, lacks follow-through - FXStreet",The Japanese Yen (JPY) weakened across the board on Tuesday after the Bank of Japan (BoJ) decided to maintain the status quo and stick to its ultra-loose monetary policy settings.,https://www.fxstreet.com/news/japanese-yen-remains-on-the-defensive-against-usd-amid-bojs-dovish-policy-stance-202312200140,
